{
  "accuracy": 0.8333333333333334,
  "balanced_accuracy": 0.8333333333333333,
  "f1_macro": 0.8285714285714285
}